id,first_name,last_name,email,gender,ip_address
1,Nicola,Liddon,nliddon0@yellowpages.com,Agender,199.102.215.172
2,North,Checcuzzi,ncheccuzzi1@ted.com,Agender,230.76.180.62
3,Arielle,Hengoed,ahengoed2@nbcnews.com,Polygender,121.36.171.72
4,Arron,Chart,achart3@huffingtonpost.com,Bigender,90.158.31.229
5,Edgard,Bilsborrow,ebilsborrow4@github.io,Polygender,180.188.224.116
6,Ewan,Trinke,etrinke5@edublogs.org,Genderqueer,178.144.196.41
7,Evelyn,Colbourn,ecolbourn6@flavors.me,Genderfluid,237.254.179.42
8,Didi,Fearnehough,dfearnehough7@msu.edu,Genderqueer,111.163.52.139
9,Gus,Farens,gfarens8@artisteer.com,Genderfluid,30.91.156.150
10,Francis,Berntssen,fberntssen9@geocities.jp,Genderfluid,177.216.22.42
11,Fleur,Cobbledick,fcobbledicka@dagondesign.com,Genderqueer,160.193.177.79
12,Annice,Branscombe,abranscombeb@wunderground.com,Agender,26.203.231.52
13,Thurstan,Maso,tmasoc@jalbum.net,Male,118.90.34.224
14,Sydel,Roussell,srousselld@deliciousdays.com,Bigender,188.63.113.142
15,Ira,Clayson,iclaysone@un.org,Genderqueer,216.156.39.126
16,Shanon,Littrell,slittrellf@51.la,Polygender,167.246.248.139
17,Sandye,Beesey,sbeeseyg@utexas.edu,Bigender,208.16.98.155
18,Shana,Wollen,swollenh@addtoany.com,Genderfluid,38.250.131.54
19,Danell,Cressor,dcressori@unc.edu,Polygender,33.27.238.103
20,Timmy,Josephsen,tjosephsenj@php.net,Agender,154.110.69.51
21,Candis,Najara,cnajarak@marketwatch.com,Female,245.234.15.230
22,Rudie,Bradick,rbradickl@netvibes.com,Genderqueer,1.133.32.9
23,Marleen,Boylan,mboylanm@goodreads.com,Bigender,49.39.99.141
24,Field,Winmill,fwinmilln@drupal.org,Polygender,188.242.37.40
25,Carla,Treadgear,ctreadgearo@skype.com,Polygender,95.134.59.49
26,Natalie,Marling,nmarlingp@google.com.br,Bigender,66.250.131.97
27,Sophey,McDuffy,smcduffyq@cisco.com,Non-binary,103.168.188.242
28,Trueman,Ridder,tridderr@dmoz.org,Non-binary,37.116.200.131
29,Rodi,Dollard,rdollards@hubpages.com,Male,219.133.96.154
30,Bradford,Wheelton,bwheeltont@sfgate.com,Male,8.118.98.34
31,Dieter,Celiz,dcelizu@thetimes.co.uk,Agender,45.208.128.123
32,Marley,Wigfall,mwigfallv@sphinn.com,Male,175.109.180.106
33,Rebecka,Roberts,rrobertsw@printfriendly.com,Genderfluid,3.165.170.13
34,Bunny,Vanyutin,bvanyutinx@e-recht24.de,Genderfluid,118.204.228.238
35,Cleopatra,Skewes,cskewesy@goo.ne.jp,Agender,64.2.7.36
36,Masha,Beynkn,mbeynknz@taobao.com,Genderfluid,199.74.59.203
37,Ivie,Abrami,iabrami10@ucsd.edu,Female,170.134.171.45
38,Prudence,Buscombe,pbuscombe11@desdev.cn,Non-binary,162.129.66.186
39,Donna,Genike,dgenike12@google.com.br,Genderqueer,20.97.120.20
40,Issy,Pendreigh,ipendreigh13@washingtonpost.com,Non-binary,42.190.178.53
41,Cornelia,Lomis,clomis14@forbes.com,Male,71.110.71.184
42,Joyan,Troop,jtroop15@ask.com,Polygender,93.127.185.145
43,Jo-anne,Ariss,jariss16@sfgate.com,Polygender,183.76.82.5
44,Viva,Woodman,vwoodman17@bluehost.com,Male,100.195.163.21
45,Jasper,Cominello,jcominello18@photobucket.com,Genderfluid,9.227.42.125
46,Chrysler,Grinsdale,cgrinsdale19@odnoklassniki.ru,Agender,32.70.253.13
47,Melita,Antoniou,mantoniou1a@sitemeter.com,Agender,95.33.25.204
48,Ely,Baudains,ebaudains1b@freewebs.com,Male,250.185.57.102
49,Tandy,Filipputti,tfilipputti1c@list-manage.com,Agender,62.92.57.73
50,Darren,Kruszelnicki,dkruszelnicki1d@photobucket.com,Genderfluid,73.136.232.19
51,Kippy,Houson,khouson1e@oracle.com,Male,42.97.106.74
52,Ellissa,Gulliford,egulliford1f@bravesites.com,Female,252.65.116.213
53,Dani,Deery,ddeery1g@jiathis.com,Non-binary,203.135.60.168
54,Addia,Oldroyd,aoldroyd1h@liveinternet.ru,Bigender,240.111.17.113
55,Yoshiko,Barnicott,ybarnicott1i@blogtalkradio.com,Non-binary,180.75.21.220
56,Annetta,Albarez,aalbarez1j@feedburner.com,Female,89.146.252.207
57,Christian,Burchell,cburchell1k@time.com,Agender,171.12.40.181
58,Maighdiln,Cristea,mcristea1l@friendfeed.com,Female,130.223.110.197
59,Flem,Giuron,fgiuron1m@networkadvertising.org,Male,165.242.123.152
60,Hunfredo,Wildes,hwildes1n@a8.net,Genderfluid,202.231.40.87
61,Walther,Salter,wsalter1o@arstechnica.com,Polygender,217.34.116.215
62,Giralda,Jesson,gjesson1p@google.com.br,Genderqueer,126.234.254.76
63,Verina,Lydall,vlydall1q@reverbnation.com,Male,15.53.179.233
64,Candra,Reubbens,creubbens1r@nba.com,Genderfluid,0.105.212.117
65,Robinson,Isworth,risworth1s@msu.edu,Genderfluid,171.31.12.97
66,Roana,Kidwell,rkidwell1t@behance.net,Polygender,118.219.62.61
67,Lulu,Struijs,lstruijs1u@zimbio.com,Non-binary,104.98.100.117
68,Chrotoem,Volcker,cvolcker1v@washingtonpost.com,Female,82.38.179.250
69,Hildegaard,Berni,hberni1w@51.la,Female,126.6.133.155
70,Mart,O'Carroll,mocarroll1x@theguardian.com,Polygender,227.90.123.77
71,Helena,MacCourt,hmaccourt1y@hostgator.com,Bigender,57.5.136.36
72,Luigi,Petriello,lpetriello1z@cpanel.net,Polygender,81.148.239.42
73,Saraann,Greenrod,sgreenrod20@pcworld.com,Male,0.217.194.250
74,Bevvy,McKirdy,bmckirdy21@gizmodo.com,Bigender,187.202.138.50
75,Adolpho,Jefferson,ajefferson22@ucoz.com,Non-binary,233.169.11.241
76,Deanna,Cordero,dcordero23@yolasite.com,Genderqueer,132.157.144.174
77,Aldis,Quemby,aquemby24@tripadvisor.com,Female,3.234.182.45
78,Lyle,Atwater,latwater25@netlog.com,Non-binary,169.206.75.100
79,Dionne,Prazer,dprazer26@1und1.de,Female,43.165.19.156
80,Euphemia,Grunnell,egrunnell27@latimes.com,Agender,198.158.139.85
81,Chelsey,Babb,cbabb28@oaic.gov.au,Bigender,164.16.118.129
82,Aron,Rippon,arippon29@1und1.de,Genderfluid,84.169.17.243
83,Ulysses,Pechold,upechold2a@theguardian.com,Male,23.137.210.55
84,Ariadne,Nanson,ananson2b@google.co.uk,Bigender,153.251.55.207
85,Mamie,Theriot,mtheriot2c@nhs.uk,Female,110.226.105.122
86,Meade,Halliwell,mhalliwell2d@odnoklassniki.ru,Bigender,88.62.25.41
87,Aime,Ottawell,aottawell2e@ezinearticles.com,Male,81.50.53.120
88,Alecia,Klauber,aklauber2f@naver.com,Female,182.78.0.200
89,Adolphe,Andras,aandras2g@businessweek.com,Agender,57.111.23.52
90,Lisette,De Pietri,ldepietri2h@wikispaces.com,Female,84.205.91.151
91,Nicolas,Norris,nnorris2i@netlog.com,Genderfluid,204.216.48.27
92,Corine,Pittendreigh,cpittendreigh2j@fotki.com,Non-binary,120.36.71.101
93,Fancie,Elmar,felmar2k@msn.com,Genderqueer,243.230.37.110
94,Janenna,Sandever,jsandever2l@abc.net.au,Polygender,191.34.163.3
95,Delila,Loudwell,dloudwell2m@webmd.com,Female,17.249.188.177
96,Brennan,Bouldstridge,bbouldstridge2n@bigcartel.com,Genderqueer,254.193.97.114
97,Jacklyn,Yokley,jyokley2o@blogger.com,Non-binary,100.223.141.79
98,Annabel,Kelwaybamber,akelwaybamber2p@amazon.com,Polygender,20.5.220.138
99,Allister,Kerner,akerner2q@gnu.org,Polygender,81.43.238.96
100,Clara,Muselli,cmuselli2r@economist.com,Agender,11.163.85.251
101,Clem,Diffley,cdiffley2s@scribd.com,Female,110.59.179.17
102,Tadeas,Cheale,tcheale2t@alibaba.com,Bigender,228.22.46.92
103,Fanny,Roubeix,froubeix2u@etsy.com,Agender,187.44.133.4
104,Amalia,Gianullo,agianullo2v@multiply.com,Genderqueer,2.185.14.95
105,Rafaela,Jeffree,rjeffree2w@skyrock.com,Male,168.165.80.1
106,Sanford,Bowskill,sbowskill2x@whitehouse.gov,Agender,103.51.3.10
107,Dixie,Shawel,dshawel2y@seesaa.net,Polygender,42.106.239.86
108,Roth,Rogan,rrogan2z@godaddy.com,Bigender,144.63.8.215
109,Charlean,Skin,cskin30@jigsy.com,Bigender,113.6.62.124
110,Wain,Rowsell,wrowsell31@unesco.org,Male,236.211.173.209
111,Josepha,Redhouse,jredhouse32@bravesites.com,Agender,41.13.48.163
112,Jocelyne,Brame,jbrame33@discuz.net,Genderfluid,105.165.42.11
113,Yvette,Chazette,ychazette34@census.gov,Agender,27.101.50.53
114,Adrian,Toon,atoon35@de.vu,Non-binary,191.82.90.243
115,Natalina,Snufflebottom,nsnufflebottom36@mtv.com,Male,138.199.168.232
116,Kerstin,Pescod,kpescod37@paginegialle.it,Female,91.101.114.155
117,Fawn,O'Lunney,folunney38@tiny.cc,Polygender,110.136.183.146
118,Nathalie,Tamblingson,ntamblingson39@dot.gov,Bigender,194.95.123.109
119,Cleve,Klosterman,cklosterman3a@google.es,Polygender,123.245.247.142
120,Bald,Scardafield,bscardafield3b@nasa.gov,Bigender,174.47.172.39
121,Celestina,Sebastian,csebastian3c@cnbc.com,Polygender,171.178.236.130
122,Ignaz,Gilhouley,igilhouley3d@archive.org,Genderqueer,3.143.8.241
123,Glen,Ilson,gilson3e@tripadvisor.com,Genderfluid,20.27.82.77
124,Lock,Robjant,lrobjant3f@arizona.edu,Non-binary,243.90.112.137
125,Adria,Veysey,aveysey3g@ask.com,Non-binary,214.218.76.196
126,Derwin,Halton,dhalton3h@yellowbook.com,Bigender,102.3.9.236
127,Gifford,Sisland,gsisland3i@domainmarket.com,Non-binary,34.125.194.127
128,Pascale,Genn,pgenn3j@de.vu,Male,108.191.108.43
129,Karlen,Pischof,kpischof3k@ask.com,Polygender,13.226.228.130
130,Jamill,Rentelll,jrentelll3l@ftc.gov,Polygender,119.95.62.21
131,Genvieve,Nelles,gnelles3m@adobe.com,Male,22.101.121.94
132,Humberto,Rogans,hrogans3n@statcounter.com,Bigender,233.245.209.57
133,Zebulen,Borges,zborges3o@about.me,Bigender,50.135.235.72
134,Lesley,Megson,lmegson3p@tamu.edu,Agender,94.212.45.175
135,Ruy,Perri,rperri3q@dyndns.org,Polygender,248.153.186.165
136,Hilarius,Whitney,hwhitney3r@privacy.gov.au,Agender,231.65.83.151
137,Charlene,Vaggers,cvaggers3s@ask.com,Genderfluid,255.242.34.89
138,Salomo,Bollini,sbollini3t@ft.com,Male,179.93.167.122
139,Agustin,Povall,apovall3u@cbsnews.com,Genderfluid,139.59.47.0
140,Rae,Ogdahl,rogdahl3v@imageshack.us,Bigender,86.204.237.48
141,Lock,Spensly,lspensly3w@tmall.com,Male,120.167.183.168
142,Petronilla,Aimeric,paimeric3x@liveinternet.ru,Male,62.156.228.200
143,Ignacio,Yanshinov,iyanshinov3y@state.tx.us,Male,81.209.175.40
144,Kenna,Pedrollo,kpedrollo3z@tripadvisor.com,Bigender,20.198.116.160
145,Charlene,Husby,chusby40@engadget.com,Bigender,102.99.212.224
146,Ole,Newtown,onewtown41@godaddy.com,Genderfluid,61.246.239.146
147,Jillian,Ducket,jducket42@army.mil,Non-binary,22.239.83.60
148,Wallis,Duberry,wduberry43@slashdot.org,Genderqueer,159.153.40.142
149,Julie,Tideswell,jtideswell44@lulu.com,Agender,67.128.189.82
150,Abby,Gabbat,agabbat45@oaic.gov.au,Female,86.99.1.146
151,Cedric,Clayfield,cclayfield46@ftc.gov,Genderfluid,4.159.95.87
152,Ely,Tinan,etinan47@google.nl,Non-binary,87.185.51.47
153,Inigo,Sanja,isanja48@independent.co.uk,Bigender,90.110.187.51
154,Gabbey,Shory,gshory49@hubpages.com,Agender,13.63.123.226
155,Mikey,Raffels,mraffels4a@digg.com,Female,104.88.120.209
156,Shannon,Davidy,sdavidy4b@naver.com,Male,94.14.177.250
157,Risa,Klesel,rklesel4c@yahoo.com,Female,191.106.232.51
158,Felicia,Floyed,ffloyed4d@vinaora.com,Bigender,212.185.109.190
159,Chen,Rauprich,crauprich4e@cnet.com,Non-binary,191.120.39.84
160,Isac,Buttle,ibuttle4f@va.gov,Agender,96.58.176.45
161,Carina,Kingsbury,ckingsbury4g@google.com.br,Genderqueer,18.44.15.76
162,Meris,Von Helmholtz,mvonhelmholtz4h@shop-pro.jp,Bigender,97.175.39.40
163,Lola,Schoenfisch,lschoenfisch4i@xing.com,Genderqueer,104.144.74.88
164,Son,Whittington,swhittington4j@example.com,Male,236.99.98.198
165,Josh,Staines,jstaines4k@dedecms.com,Female,59.201.22.170
166,Dagmar,Pringuer,dpringuer4l@engadget.com,Genderqueer,24.226.236.253
167,Zach,Rymer,zrymer4m@bing.com,Agender,179.63.95.73
168,Aubrette,Morbey,amorbey4n@slashdot.org,Female,111.241.218.69
169,Fin,Rooney,frooney4o@disqus.com,Genderqueer,176.30.46.4
170,Faulkner,Asmus,fasmus4p@marketwatch.com,Bigender,74.22.73.171
171,Riobard,Izzat,rizzat4q@wufoo.com,Genderfluid,120.108.134.76
172,Philomena,McClounan,pmcclounan4r@slideshare.net,Female,190.69.50.152
173,Cleo,Nye,cnye4s@over-blog.com,Bigender,64.233.84.34
174,Daven,Riseam,driseam4t@yahoo.co.jp,Non-binary,60.224.105.24
175,Rori,Gibbett,rgibbett4u@virginia.edu,Agender,254.28.135.109
176,Oriana,Stebbins,ostebbins4v@newyorker.com,Bigender,175.254.236.153
177,Doralin,Bannon,dbannon4w@opensource.org,Female,163.196.19.203
178,Ronny,Tofful,rtofful4x@msn.com,Bigender,228.160.139.191
179,Kalie,Aleksahkin,kaleksahkin4y@pen.io,Male,135.46.127.217
180,Kessiah,Jakobssen,kjakobssen4z@sun.com,Female,115.3.237.195
181,Poppy,Scheffel,pscheffel50@furl.net,Female,169.158.255.149
182,Dillie,Pavic,dpavic51@macromedia.com,Female,44.9.138.240
183,Lukas,Goodfellow,lgoodfellow52@foxnews.com,Genderqueer,27.237.144.191
184,Eadie,Reuble,ereuble53@europa.eu,Genderqueer,46.111.137.67
185,Hector,Kirley,hkirley54@google.nl,Male,219.137.51.79
186,Borg,Keemer,bkeemer55@wordpress.com,Non-binary,188.167.150.94
187,Marjie,Severwright,mseverwright56@clickbank.net,Male,144.17.108.92
188,Joete,Simister,jsimister57@goo.ne.jp,Bigender,210.242.203.168
189,Carleen,Bratty,cbratty58@hhs.gov,Female,193.79.228.253
190,Derry,de Quesne,ddequesne59@youtu.be,Non-binary,227.203.47.97
191,Germana,Adams,gadams5a@google.com.hk,Agender,17.72.57.183
192,Zondra,Martinuzzi,zmartinuzzi5b@princeton.edu,Genderfluid,255.155.153.12
193,Jeth,Rodrigues,jrodrigues5c@google.cn,Bigender,69.0.35.38
194,Lane,Tresise,ltresise5d@unicef.org,Genderfluid,235.112.188.109
195,Klarika,Fetherstone,kfetherstone5e@adobe.com,Male,194.39.118.253
196,Cross,Rappaport,crappaport5f@infoseek.co.jp,Bigender,4.212.213.34
197,Stinky,Betteridge,sbetteridge5g@marriott.com,Genderfluid,33.147.83.134
198,Calley,Claringbold,cclaringbold5h@umich.edu,Agender,52.176.203.249
199,Georgena,Ritchings,gritchings5i@shop-pro.jp,Male,42.182.179.52
200,Wendi,MacClure,wmacclure5j@deliciousdays.com,Polygender,45.49.64.153
201,Kissie,Droogan,kdroogan5k@4shared.com,Male,70.161.168.208
202,Gilles,Druce,gdruce5l@wunderground.com,Genderfluid,126.76.220.245
203,Andres,Gorrie,agorrie5m@telegraph.co.uk,Genderqueer,226.53.8.245
204,Alyss,Lawlee,alawlee5n@forbes.com,Genderfluid,1.41.49.254
205,Konstantin,Juarez,kjuarez5o@ezinearticles.com,Agender,106.113.102.5
206,Karola,Di Biaggi,kdibiaggi5p@comsenz.com,Female,64.139.206.184
207,Robinet,Tuerena,rtuerena5q@addthis.com,Male,64.92.110.194
208,Lori,Eyres,leyres5r@telegraph.co.uk,Bigender,58.102.151.195
209,Elsbeth,Muscott,emuscott5s@purevolume.com,Genderqueer,190.50.53.254
210,Guglielma,Penelli,gpenelli5t@nsw.gov.au,Genderqueer,246.101.134.194
211,Celestina,Rawstron,crawstron5u@economist.com,Female,60.90.107.130
212,Cathyleen,Bullcock,cbullcock5v@elpais.com,Male,9.160.25.255
213,Gayelord,Hooban,ghooban5w@ycombinator.com,Male,90.95.112.65
214,Dinnie,Dedham,ddedham5x@about.com,Genderfluid,42.17.193.78
215,Gillan,Groundwater,ggroundwater5y@biblegateway.com,Bigender,138.209.242.211
216,Maggi,Matthew,mmatthew5z@eepurl.com,Bigender,19.255.138.238
217,Roobbie,Canepe,rcanepe60@mozilla.com,Polygender,121.5.230.97
218,Marijo,Rockey,mrockey61@patch.com,Genderfluid,205.244.49.80
219,Melva,Sconce,msconce62@berkeley.edu,Polygender,16.67.143.23
220,Nolie,Blazic,nblazic63@engadget.com,Polygender,146.5.245.105
221,Ryann,Forcade,rforcade64@addthis.com,Bigender,152.213.199.214
222,Cammy,Covelle,ccovelle65@tamu.edu,Female,58.226.221.130
223,Kelley,Amiable,kamiable66@indiatimes.com,Male,163.190.250.253
224,Slade,Acomb,sacomb67@g.co,Male,34.205.62.169
225,Brok,Smithend,bsmithend68@etsy.com,Genderqueer,173.134.17.180
226,Tris,Drover,tdrover69@ask.com,Polygender,160.196.173.233
227,Anallise,Weekes,aweekes6a@list-manage.com,Female,245.217.36.21
228,Carlin,Niesel,cniesel6b@biglobe.ne.jp,Agender,167.1.191.106
229,Val,Brimmicombe,vbrimmicombe6c@domainmarket.com,Genderqueer,202.205.94.243
230,Tine,Dickerline,tdickerline6d@furl.net,Agender,230.250.168.14
231,Estele,Ost,eost6e@myspace.com,Female,5.23.12.63
232,Kali,Dowbekin,kdowbekin6f@paginegialle.it,Agender,55.201.209.138
233,Maisey,Minto,mminto6g@arstechnica.com,Polygender,228.97.70.187
234,Durante,Rotge,drotge6h@sfgate.com,Female,201.89.49.210
235,Miof mela,Mockett,mmockett6i@ehow.com,Polygender,148.187.149.235
236,Marcel,Janiszewski,mjaniszewski6j@mysql.com,Agender,108.27.79.67
237,Brendis,Genge,bgenge6k@wikia.com,Female,109.152.34.187
238,Putnem,Empleton,pempleton6l@abc.net.au,Bigender,103.221.32.209
239,Silas,Dupree,sdupree6m@ftc.gov,Agender,138.221.202.101
240,Ivy,Logsdail,ilogsdail6n@symantec.com,Genderfluid,32.30.140.243
241,Bryce,Atterbury,batterbury6o@howstuffworks.com,Bigender,27.253.198.99
242,Allissa,Fury,afury6p@sina.com.cn,Female,78.58.159.28
243,Winnah,Blaisdell,wblaisdell6q@acquirethisname.com,Bigender,53.237.11.196
244,Angie,Leak,aleak6r@uiuc.edu,Bigender,82.100.26.133
245,Elmira,Phillipps,ephillipps6s@skyrock.com,Non-binary,15.50.192.34
246,Donetta,Smeeton,dsmeeton6t@opera.com,Bigender,26.127.218.21
247,Dolores,Gascar,dgascar6u@com.com,Polygender,107.37.179.110
248,Karylin,Face,kface6v@deviantart.com,Female,27.90.214.104
249,Alidia,Hibling,ahibling6w@bigcartel.com,Agender,186.169.118.149
250,Tannie,Wythe,twythe6x@noaa.gov,Non-binary,24.94.8.70
251,Averyl,Burton,aburton6y@redcross.org,Female,127.163.10.57
252,Jada,Crosseland,jcrosseland6z@howstuffworks.com,Non-binary,22.74.232.208
253,Haily,Epine,hepine70@blinklist.com,Agender,198.212.196.198
254,Tiff,Janatka,tjanatka71@phoca.cz,Non-binary,200.202.28.45
255,Jerry,Derges,jderges72@businessweek.com,Male,166.226.7.16
256,Athena,Griswaite,agriswaite73@bbc.co.uk,Female,26.200.196.74
257,Dillie,Ivey,divey74@google.it,Bigender,141.90.46.27
258,Norean,Perri,nperri75@foxnews.com,Male,63.170.44.123
259,Candie,Spelman,cspelman76@drupal.org,Female,19.44.63.33
260,Humphrey,Rapp,hrapp77@reverbnation.com,Agender,92.69.192.201
261,Den,Whilde,dwhilde78@reuters.com,Genderfluid,216.87.201.171
262,Betteann,Canceller,bcanceller79@blogs.com,Polygender,121.161.216.177
263,Nikaniki,Baverstock,nbaverstock7a@t.co,Genderfluid,24.35.184.75
264,Dulcine,Matityahu,dmatityahu7b@utexas.edu,Genderqueer,240.240.50.79
265,Christen,Threadgall,cthreadgall7c@mapy.cz,Female,91.64.227.179
266,Eula,Aguilar,eaguilar7d@ucoz.ru,Genderfluid,29.9.56.28
267,Edik,Mazillius,emazillius7e@youku.com,Genderqueer,40.89.197.38
268,Karol,Brind,kbrind7f@wikispaces.com,Male,147.242.175.248
269,Oren,Crole,ocrole7g@prnewswire.com,Bigender,174.202.202.125
270,Kippie,Jakaway,kjakaway7h@csmonitor.com,Agender,34.171.123.99
271,Orland,Sawdy,osawdy7i@lycos.com,Genderqueer,3.60.199.13
272,Marylinda,Horsefield,mhorsefield7j@tiny.cc,Male,186.158.211.11
273,Richmond,Winterbotham,rwinterbotham7k@loc.gov,Female,236.64.236.176
274,Levi,Ratnage,lratnage7l@engadget.com,Genderqueer,51.244.194.165
275,Dyane,Showl,dshowl7m@columbia.edu,Male,137.205.78.223
276,Isabel,Paulton,ipaulton7n@dagondesign.com,Male,128.185.116.113
277,Thane,Harman,tharman7o@microsoft.com,Male,225.205.57.70
278,Hanna,Kenealy,hkenealy7p@usda.gov,Non-binary,140.9.11.81
279,Frants,Minett,fminett7q@google.ru,Bigender,89.175.14.202
280,Devondra,Gottschalk,dgottschalk7r@163.com,Polygender,175.127.236.193
281,Ortensia,Eyckelbeck,oeyckelbeck7s@pcworld.com,Genderfluid,110.65.176.18
282,Tibold,McMyler,tmcmyler7t@163.com,Bigender,65.48.204.231
283,Joane,Beetlestone,jbeetlestone7u@msu.edu,Genderqueer,131.145.182.67
284,Heddie,O' Byrne,hobyrne7v@moonfruit.com,Bigender,208.72.9.165
285,Lefty,Cozby,lcozby7w@imdb.com,Genderqueer,70.156.133.90
286,Guglielmo,Stainton,gstainton7x@washington.edu,Polygender,167.136.81.2
287,Nahum,Luxmoore,nluxmoore7y@earthlink.net,Male,116.63.184.70
288,Diego,Bilbery,dbilbery7z@fema.gov,Genderfluid,15.130.84.33
289,Idelle,Ollerhad,iollerhad80@dmoz.org,Genderqueer,45.150.182.234
290,Sibel,Hurdle,shurdle81@imageshack.us,Polygender,146.51.195.38
291,Temple,Danzey,tdanzey82@51.la,Genderfluid,55.175.250.197
292,See,Headly,sheadly83@wunderground.com,Genderqueer,138.58.96.41
293,Marylynne,Kinlock,mkinlock84@mac.com,Agender,95.92.175.223
294,Kleon,Ryhorovich,kryhorovich85@sourceforge.net,Non-binary,131.133.17.112
295,Merrill,Wadley,mwadley86@archive.org,Non-binary,39.46.158.180
296,Benedicto,Wagner,bwagner87@state.gov,Female,98.226.147.246
297,Ricca,Mountfort,rmountfort88@unc.edu,Female,202.66.13.177
298,Faunie,MacEllen,fmacellen89@comcast.net,Genderqueer,112.224.89.27
299,Winne,Crim,wcrim8a@ucsd.edu,Bigender,227.9.153.127
300,Cissiee,Noakes,cnoakes8b@state.gov,Female,61.26.41.21
301,Barny,Kirmond,bkirmond8c@yandex.ru,Genderfluid,230.177.253.24
302,Tirrell,Feilden,tfeilden8d@gov.uk,Non-binary,192.120.50.31
303,Artemis,Bushel,abushel8e@wufoo.com,Agender,163.158.72.77
304,Johnna,Gillion,jgillion8f@fema.gov,Bigender,169.104.80.87
305,Sandie,Bleby,sbleby8g@virginia.edu,Genderfluid,139.4.100.116
306,Sutherland,Gillson,sgillson8h@artisteer.com,Polygender,20.221.215.174
307,Allard,Estabrook,aestabrook8i@livejournal.com,Polygender,145.193.39.253
308,Jessy,Roughey,jroughey8j@soundcloud.com,Non-binary,6.153.196.254
309,Padriac,Clues,pclues8k@examiner.com,Female,92.17.19.227
310,Margette,Nannizzi,mnannizzi8l@mac.com,Genderqueer,198.227.146.189
311,Christine,Edelman,cedelman8m@dedecms.com,Non-binary,55.135.56.187
312,Christiana,Jirick,cjirick8n@google.co.uk,Bigender,148.97.52.66
313,Ikey,Bayldon,ibayldon8o@addthis.com,Non-binary,241.124.231.21
314,Penelopa,Ashbey,pashbey8p@smugmug.com,Non-binary,23.245.62.183
315,Katey,Baine,kbaine8q@cargocollective.com,Genderfluid,140.21.5.35
316,Jorgan,Asals,jasals8r@mysql.com,Female,153.76.194.6
317,Peria,Reggler,preggler8s@a8.net,Polygender,56.186.52.11
318,Millisent,Janatka,mjanatka8t@walmart.com,Female,237.149.253.235
319,Lark,Devey,ldevey8u@ftc.gov,Female,79.209.90.182
320,Rourke,Plessing,rplessing8v@edublogs.org,Bigender,124.146.217.119
321,Justinn,Steet,jsteet8w@squidoo.com,Genderfluid,186.157.229.103
322,Nikolaos,Keightley,nkeightley8x@nih.gov,Non-binary,247.206.222.196
323,Bibby,Nijssen,bnijssen8y@amazon.co.uk,Non-binary,33.155.204.82
324,Rosalyn,Gollop,rgollop8z@squidoo.com,Agender,229.50.30.14
325,Flemming,Mingo,fmingo90@ifeng.com,Non-binary,50.228.109.42
326,Sara-ann,Tolwood,stolwood91@freewebs.com,Genderfluid,147.169.49.86
327,Udall,Tremberth,utremberth92@rediff.com,Bigender,112.12.137.113
328,Carlene,Burchett,cburchett93@ca.gov,Polygender,239.163.233.117
329,Aurel,McPaik,amcpaik94@forbes.com,Polygender,130.54.218.104
330,Krishnah,Gavigan,kgavigan95@shinystat.com,Genderqueer,141.75.62.112
331,Garfield,Mordanti,gmordanti96@weebly.com,Male,92.22.119.185
332,Megen,Curley,mcurley97@i2i.jp,Bigender,159.210.2.30
333,Toddy,Willowby,twillowby98@sbwire.com,Non-binary,171.70.14.183
334,Jillene,Elford,jelford99@pagesperso-orange.fr,Female,152.237.124.112
335,Marilyn,Kenworthey,mkenworthey9a@g.co,Polygender,252.47.74.134
336,Gregorius,Senter,gsenter9b@npr.org,Bigender,152.38.14.135
337,Lira,Yakubov,lyakubov9c@berkeley.edu,Bigender,58.88.84.215
338,Avis,Abatelli,aabatelli9d@smh.com.au,Genderfluid,49.155.10.222
339,Anna-diane,Golly,agolly9e@issuu.com,Genderfluid,237.0.194.100
340,Niel,Burnep,nburnep9f@bloomberg.com,Genderqueer,196.252.238.137
341,Theodoric,Goodspeed,tgoodspeed9g@livejournal.com,Agender,238.164.215.226
342,Penny,Tuckerman,ptuckerman9h@nasa.gov,Female,163.130.185.17
343,Angelico,Spleving,aspleving9i@dailymotion.com,Non-binary,35.223.47.201
344,Noellyn,Lett,nlett9j@naver.com,Male,86.206.15.30
345,Hamlin,Rosenthal,hrosenthal9k@networksolutions.com,Male,54.40.145.114
346,Shurlock,Josephsen,sjosephsen9l@twitter.com,Agender,75.183.94.3
347,Trudie,Carroll,tcarroll9m@dion.ne.jp,Agender,31.116.201.114
348,Darsie,Greader,dgreader9n@reference.com,Polygender,117.35.148.56
349,Ammamaria,Dowbekin,adowbekin9o@constantcontact.com,Bigender,141.69.205.219
350,Riannon,Balsdone,rbalsdone9p@php.net,Female,198.149.186.73
351,Ely,Falconar,efalconar9q@cyberchimps.com,Bigender,96.170.200.228
352,Gaspar,Gulvin,ggulvin9r@thetimes.co.uk,Genderqueer,75.164.57.244
353,Barris,Boutflour,bboutflour9s@weebly.com,Non-binary,80.227.199.13
354,Aveline,Eager,aeager9t@techcrunch.com,Polygender,138.109.91.53
355,Colet,Huggard,chuggard9u@sbwire.com,Non-binary,168.43.17.203
356,Lucien,Burthom,lburthom9v@privacy.gov.au,Genderqueer,242.135.159.170
357,Winnah,Causby,wcausby9w@sakura.ne.jp,Male,204.112.20.69
358,Kyle,Slobom,kslobom9x@xinhuanet.com,Bigender,192.33.56.178
359,Eachelle,Riggert,eriggert9y@wunderground.com,Male,178.1.135.157
360,Crysta,Honacker,chonacker9z@ameblo.jp,Polygender,249.213.24.59
361,Terence,Denness,tdennessa0@bloglines.com,Genderfluid,161.15.40.149
362,Findley,Hussell,fhussella1@wufoo.com,Agender,100.220.150.105
363,Petrina,Sparrowe,psparrowea2@posterous.com,Female,217.11.68.238
364,Indira,Cargill,icargilla3@fastcompany.com,Male,47.83.145.224
365,Ami,Hedges,ahedgesa4@icq.com,Non-binary,64.75.85.91
366,Orton,Meekin,omeekina5@friendfeed.com,Polygender,109.116.32.23
367,Ichabod,Turneaux,iturneauxa6@illinois.edu,Genderfluid,156.91.122.118
368,Christen,Wetter,cwettera7@51.la,Polygender,157.8.51.11
369,Moritz,Bromilow,mbromilowa8@surveymonkey.com,Genderqueer,82.124.154.224
370,Corny,Beadel,cbeadela9@vkontakte.ru,Male,187.201.166.6
371,Kevon,Margeram,kmargeramaa@pinterest.com,Polygender,129.62.208.115
372,Katee,Biddell,kbiddellab@icio.us,Polygender,23.178.66.192
373,Joscelin,O'Hallagan,johallaganac@mashable.com,Non-binary,90.253.28.160
374,Tore,Skellion,tskellionad@weebly.com,Bigender,222.252.206.252
375,Frazer,Stivens,fstivensae@wired.com,Non-binary,161.16.162.123
376,Rosemonde,Jephcote,rjephcoteaf@newyorker.com,Bigender,252.192.155.220
377,David,Milland,dmillandag@facebook.com,Bigender,113.227.71.25
378,Emalee,Dy,edyah@tinypic.com,Bigender,71.58.86.248
379,Becca,Ottey,botteyai@unc.edu,Bigender,102.30.88.32
380,Nelle,Pattemore,npattemoreaj@auda.org.au,Female,215.43.161.163
381,Cloe,Winspeare,cwinspeareak@youku.com,Polygender,69.149.247.74
382,Garwood,Maker,gmakeral@usgs.gov,Bigender,201.179.250.113
383,Luz,Ruppele,lruppeleam@slideshare.net,Genderqueer,93.163.253.146
384,Jo,MacPaden,jmacpadenan@reference.com,Polygender,182.172.58.65
385,Wait,Deadman,wdeadmanao@163.com,Female,184.170.118.223
386,Margaux,McBoyle,mmcboyleap@unesco.org,Female,81.80.230.100
387,Justina,Lockwood,jlockwoodaq@gov.uk,Agender,42.137.168.114
388,Marcela,Izakoff,mizakoffar@baidu.com,Polygender,76.74.92.65
389,Terry,Jodlkowski,tjodlkowskias@toplist.cz,Genderfluid,95.130.149.10
390,Carrol,Ream,creamat@wordpress.com,Agender,147.217.119.249
391,Addie,Cornhill,acornhillau@digg.com,Genderfluid,128.187.180.159
392,Euell,Crates,ecratesav@godaddy.com,Genderqueer,255.90.7.163
393,Tomasine,Cuchey,tcucheyaw@com.com,Bigender,231.186.168.178
394,Jaquelyn,Kinsey,jkinseyax@tinyurl.com,Female,162.70.3.48
395,Danita,Eggleson,degglesonay@fc2.com,Genderqueer,190.127.156.55
396,Amabel,Newcomen,anewcomenaz@biglobe.ne.jp,Non-binary,91.97.179.115
397,Salaidh,Esland,seslandb0@hexun.com,Non-binary,16.239.141.208
398,Vere,Stoakley,vstoakleyb1@vinaora.com,Non-binary,253.3.177.196
399,Milzie,Castellaccio,mcastellacciob2@cargocollective.com,Female,119.2.49.16
400,Marianna,Bewsey,mbewseyb3@sohu.com,Male,90.215.167.235
401,Gustavus,Leahy,gleahyb4@usda.gov,Bigender,117.14.254.90
402,Mikkel,Calabry,mcalabryb5@bbc.co.uk,Agender,129.174.191.96
403,Nessie,Motten,nmottenb6@wix.com,Polygender,248.162.126.69
404,Page,Livesay,plivesayb7@fda.gov,Non-binary,81.49.131.18
405,Cory,Zanazzi,czanazzib8@amazon.co.uk,Bigender,151.224.243.55
406,Torrence,Chard,tchardb9@apache.org,Bigender,44.157.73.211
407,Ravi,Benasik,rbenasikba@umn.edu,Female,137.2.237.118
408,Sherill,Odd,soddbb@networkadvertising.org,Genderqueer,82.144.52.170
409,Munroe,Enticott,menticottbc@harvard.edu,Polygender,180.194.94.33
410,Stanley,Haquard,shaquardbd@cnet.com,Female,20.70.122.165
411,Andriana,Caville,acavillebe@ifeng.com,Male,51.1.72.204
412,Cathrin,Conneely,cconneelybf@cloudflare.com,Male,93.14.241.172
413,Pinchas,Eason,peasonbg@engadget.com,Genderfluid,102.233.82.120
414,Humfried,Peteri,hpeteribh@newsvine.com,Bigender,142.252.111.9
415,Lin,Jubert,ljubertbi@twitpic.com,Female,226.68.100.67
416,Farrah,Spurryer,fspurryerbj@cpanel.net,Agender,206.196.192.153
417,Seamus,Lindbergh,slindberghbk@cbslocal.com,Genderfluid,94.118.21.177
418,Darcey,Skein,dskeinbl@foxnews.com,Bigender,38.252.124.245
419,Nell,Yellep,nyellepbm@purevolume.com,Male,191.23.199.100
420,Nevin,Siddeley,nsiddeleybn@wikispaces.com,Non-binary,19.137.78.95
421,Zonda,Pay,zpaybo@cargocollective.com,Polygender,75.99.37.185
422,Andrey,Overington,aoveringtonbp@ameblo.jp,Genderfluid,213.139.231.172
423,Brendin,Fursland,bfurslandbq@springer.com,Non-binary,206.166.224.200
424,Ola,Carruthers,ocarruthersbr@acquirethisname.com,Female,223.255.10.173
425,Rubi,Tixier,rtixierbs@businessweek.com,Female,161.228.87.206
426,Whitaker,Comizzoli,wcomizzolibt@jigsy.com,Polygender,52.45.223.29
427,Morten,Sands,msandsbu@imgur.com,Female,67.71.215.182
428,Tod,Dempsey,tdempseybv@joomla.org,Polygender,32.28.230.216
429,Donavon,Rathmell,drathmellbw@telegraph.co.uk,Female,113.188.126.91
430,Dukey,Vargas,dvargasbx@bluehost.com,Genderfluid,168.175.25.237
431,Gerrard,Clack,gclackby@networkadvertising.org,Female,23.75.87.210
432,Alfi,Jarrelt,ajarreltbz@mail.ru,Male,216.220.115.26
433,Marion,Dickens,mdickensc0@imdb.com,Female,117.206.235.213
434,Keelby,Hark,kharkc1@examiner.com,Non-binary,236.75.111.151
435,Ollie,Dederick,odederickc2@shareasale.com,Female,44.245.71.46
436,Kelwin,Hubert,khubertc3@godaddy.com,Non-binary,150.13.169.39
437,Erik,Dullard,edullardc4@delicious.com,Genderqueer,206.133.105.22
438,Annnora,Narracott,anarracottc5@prweb.com,Genderfluid,20.107.129.176
439,Baily,Bastick,bbastickc6@google.it,Polygender,217.58.156.165
440,Lucais,Hacard,lhacardc7@furl.net,Female,87.33.132.0
441,Fifi,Jarrell,fjarrellc8@cpanel.net,Agender,15.200.40.143
442,Corinna,Maundrell,cmaundrellc9@youtu.be,Genderfluid,253.128.148.158
443,Minnie,Bourgourd,mbourgourdca@youku.com,Non-binary,19.167.116.227
444,Cate,Rushton,crushtoncb@nydailynews.com,Agender,88.18.4.74
445,Devon,Charlon,dcharloncc@yellowbook.com,Genderqueer,181.84.170.92
446,Sandy,Northidge,snorthidgecd@google.it,Female,161.27.215.207
447,Berk,Rawling,brawlingce@issuu.com,Genderfluid,229.9.10.45
448,Fanya,Blakeslee,fblakesleecf@bloomberg.com,Genderfluid,228.194.132.179
449,Ibby,Garrals,igarralscg@japanpost.jp,Genderqueer,216.164.37.134
450,Rowen,Karchowski,rkarchowskich@reddit.com,Genderqueer,200.51.91.141
451,Pietrek,Sleeny,psleenyci@e-recht24.de,Polygender,216.70.83.70
452,Maryjane,Eveling,mevelingcj@issuu.com,Agender,245.14.90.123
453,Pattin,Hughland,phughlandck@fastcompany.com,Polygender,38.43.131.148
454,Jojo,Bovaird,jbovairdcl@people.com.cn,Genderfluid,221.75.108.8
455,Katherina,Bremner,kbremnercm@technorati.com,Non-binary,60.114.22.95
456,Concettina,Blench,cblenchcn@dailymail.co.uk,Genderqueer,197.134.44.148
457,Sherry,Seagrave,sseagraveco@kickstarter.com,Female,107.41.110.184
458,Waverley,Kall,wkallcp@github.io,Agender,237.68.151.112
459,Vivie,Holdforth,vholdforthcq@uiuc.edu,Non-binary,17.197.216.75
460,Felizio,Knutsen,fknutsencr@simplemachines.org,Agender,120.110.141.184
461,Deck,Trineman,dtrinemancs@w3.org,Female,42.91.155.106
462,Melvyn,Bletso,mbletsoct@stanford.edu,Non-binary,88.133.242.41
463,Hyacinthe,Medwell,hmedwellcu@indiatimes.com,Agender,79.150.43.64
464,Jaquelyn,Vyvyan,jvyvyancv@shareasale.com,Bigender,37.243.104.172
465,Valenka,Parke,vparkecw@indiegogo.com,Polygender,18.145.135.34
466,Charin,Goudard,cgoudardcx@walmart.com,Polygender,40.52.209.102
467,Janeta,Huygens,jhuygenscy@hugedomains.com,Bigender,18.252.35.37
468,Rik,Chopping,rchoppingcz@bbb.org,Polygender,167.163.37.141
469,Cherie,Barnet,cbarnetd0@jalbum.net,Polygender,214.43.2.95
470,Andriana,Greiswood,agreiswoodd1@mysql.com,Non-binary,129.144.120.230
471,Calley,Blackston,cblackstond2@technorati.com,Male,226.38.138.10
472,Rhoda,Audiss,raudissd3@ebay.com,Genderqueer,128.248.215.190
473,Pearline,Viccary,pviccaryd4@about.me,Male,252.184.17.11
474,Colet,La Torre,clatorred5@yandex.ru,Non-binary,199.6.29.155
475,Neile,Allin,nallind6@ask.com,Agender,208.251.166.132
476,Cassondra,de Courcy,cdecourcyd7@tinypic.com,Female,159.146.200.222
477,Dillon,Grimmett,dgrimmettd8@nasa.gov,Male,142.200.123.253
478,Laurence,Alloisi,lalloisid9@blinklist.com,Bigender,200.136.58.231
479,Christopher,Iowarch,ciowarchda@moonfruit.com,Male,23.242.152.88
480,Kermit,Emmins,kemminsdb@drupal.org,Genderfluid,77.90.111.3
481,Alix,Amoss,aamossdc@wufoo.com,Agender,103.162.247.242
482,Glenn,Fliege,gfliegedd@163.com,Polygender,254.144.36.19
483,Adey,Bentke,abentkede@wired.com,Male,235.235.238.98
484,Carmela,Rosenfelder,crosenfelderdf@reuters.com,Genderqueer,50.56.55.17
485,Ody,Berthon,oberthondg@mail.ru,Non-binary,23.16.227.211
486,Norine,Jenoure,njenouredh@squarespace.com,Male,188.105.160.103
487,Ebonee,MacAndie,emacandiedi@squidoo.com,Genderfluid,191.209.159.79
488,Johanna,Wadge,jwadgedj@discuz.net,Genderfluid,229.204.160.74
489,Jo ann,Boullen,jboullendk@buzzfeed.com,Agender,154.139.100.102
490,Elva,Truce,etrucedl@examiner.com,Genderqueer,140.1.172.228
491,Noam,MacEvilly,nmacevillydm@fastcompany.com,Bigender,79.33.125.140
492,Faustina,Magrane,fmagranedn@unesco.org,Female,15.136.222.23
493,Stacy,McAndrew,smcandrewdo@earthlink.net,Male,50.186.14.163
494,Cris,Izakof,cizakofdp@flickr.com,Agender,215.90.172.47
495,Sonni,Hakewell,shakewelldq@utexas.edu,Non-binary,129.120.53.77
496,Hube,Giurio,hgiuriodr@biglobe.ne.jp,Agender,39.234.97.169
497,Marmaduke,Scotland,mscotlandds@businessweek.com,Agender,98.63.40.237
498,Bili,Collacombe,bcollacombedt@eventbrite.com,Bigender,87.204.24.221
499,Caryl,Nice,cnicedu@columbia.edu,Genderqueer,25.93.198.89
500,Malcolm,Shopcott,mshopcottdv@clickbank.net,Bigender,0.40.103.201
501,Orelia,Anthonsen,oanthonsendw@dagondesign.com,Polygender,11.181.250.225
502,Burlie,Cayley,bcayleydx@cargocollective.com,Genderfluid,46.64.236.143
503,Pamella,Slyde,pslydedy@slideshare.net,Bigender,234.192.42.186
504,Gussy,Wenman,gwenmandz@noaa.gov,Polygender,132.196.145.83
505,Adriana,Sarton,asartone0@cnn.com,Male,165.177.107.205
506,Davidson,Hardison,dhardisone1@is.gd,Agender,77.191.33.195
507,Rey,Pardi,rpardie2@bizjournals.com,Male,73.80.1.63
508,Riordan,Jephcote,rjephcotee3@google.ca,Non-binary,38.239.159.15
509,Lalo,Tuffin,ltuffine4@goo.gl,Genderqueer,245.86.1.190
510,Derry,Sinderson,dsindersone5@ebay.co.uk,Genderqueer,16.155.152.188
511,Bertrando,Wathell,bwathelle6@epa.gov,Agender,252.181.192.178
512,Abdul,Abramowsky,aabramowskye7@plala.or.jp,Non-binary,36.150.59.221
513,Jerrie,Kielty,jkieltye8@europa.eu,Male,194.111.122.149
514,Oralla,Pointin,opointine9@example.com,Agender,114.36.193.133
515,Georgia,Dufore,gduforeea@archive.org,Male,187.224.149.1
516,Maurice,Buxcey,mbuxceyeb@ca.gov,Agender,24.207.250.193
517,Ofilia,Janku,ojankuec@auda.org.au,Female,198.195.97.188
518,Benjamen,Voice,bvoiceed@statcounter.com,Polygender,90.234.71.58
519,Ellerey,Ornelas,eornelasee@typepad.com,Bigender,88.107.81.169
520,Nathanil,McCauley,nmccauleyef@gnu.org,Bigender,162.96.40.47
521,Aviva,Pohling,apohlingeg@zimbio.com,Female,186.135.11.92
522,Danella,Langran,dlangraneh@theglobeandmail.com,Male,183.8.123.152
523,Pennie,Brimmacombe,pbrimmacombeei@photobucket.com,Female,69.191.31.1
524,Kerrill,Valasek,kvalasekej@latimes.com,Non-binary,209.71.179.166
525,Giralda,Perritt,gperrittek@reuters.com,Genderfluid,151.152.126.38
526,Willyt,Romi,wromiel@so-net.ne.jp,Male,229.183.124.180
527,Aubrette,Cortese,acorteseem@bravesites.com,Non-binary,41.133.147.177
528,Paxon,Cornelis,pcornelisen@merriam-webster.com,Polygender,189.170.20.115
529,Ellyn,Magee,emageeeo@blog.com,Male,168.224.31.154
530,Conn,Crucetti,ccrucettiep@google.it,Polygender,59.38.118.26
531,Steffi,Inger,singereq@blinklist.com,Polygender,3.11.173.72
532,Loralee,Bronger,lbrongerer@go.com,Female,142.184.50.217
533,Roslyn,Pimerick,rpimerickes@plala.or.jp,Male,231.159.144.205
534,Josefina,Haldon,jhaldonet@elpais.com,Non-binary,100.51.133.120
535,Minerva,Showering,mshoweringeu@spiegel.de,Genderfluid,61.148.206.81
536,Nicola,Kernock,nkernockev@google.cn,Agender,86.93.109.136
537,Bryn,Balf,bbalfew@howstuffworks.com,Genderfluid,87.175.70.18
538,Nomi,Faherty,nfahertyex@nba.com,Non-binary,136.20.139.113
539,Paten,Toffalo,ptoffaloey@php.net,Agender,150.73.151.216
540,Lindsay,Fiddy,lfiddyez@youku.com,Agender,218.26.33.220
541,Charissa,Gianolo,cgianolof0@histats.com,Agender,203.26.187.113
542,George,Mattioni,gmattionif1@sohu.com,Agender,62.228.215.118
543,Russell,Rippen,rrippenf2@google.co.uk,Non-binary,110.214.181.27
544,Nollie,Rosengarten,nrosengartenf3@wikipedia.org,Bigender,152.240.201.166
545,Thomasin,De Laci,tdelacif4@spotify.com,Male,120.111.41.115
546,Ramsay,Wheldon,rwheldonf5@paypal.com,Male,47.87.179.177
547,Hamlin,Randales,hrandalesf6@wikispaces.com,Non-binary,110.65.40.206
548,Urban,Stebbin,ustebbinf7@arstechnica.com,Agender,169.86.209.42
549,Bone,Ferrario,bferrariof8@studiopress.com,Male,59.40.96.55
550,Grant,Lemerie,glemerief9@marketwatch.com,Agender,108.19.211.141
551,Lisabeth,Leake,lleakefa@cyberchimps.com,Polygender,71.156.203.193
552,Fletcher,Willgress,fwillgressfb@admin.ch,Non-binary,183.198.109.147
553,Ricca,Crossland,rcrosslandfc@amazon.co.uk,Female,73.116.198.124
554,Gertrudis,Conradsen,gconradsenfd@guardian.co.uk,Genderfluid,34.133.125.231
555,Clair,Gerrad,cgerradfe@google.com.br,Female,184.125.183.167
556,Daisey,Resdale,dresdaleff@booking.com,Genderqueer,181.103.158.173
557,Guillermo,Caizley,gcaizleyfg@sfgate.com,Female,38.133.218.252
558,Teressa,Vlasin,tvlasinfh@vk.com,Male,146.118.201.61
559,Willa,Van der Mark,wvandermarkfi@about.me,Polygender,144.11.151.106
560,Jenda,Moodey,jmoodeyfj@ebay.co.uk,Female,18.87.218.151
561,Nicky,Bockh,nbockhfk@cnn.com,Non-binary,85.45.228.83
562,Mignon,Huntar,mhuntarfl@bizjournals.com,Male,235.208.120.251
563,Janene,Coleby,jcolebyfm@tripod.com,Genderfluid,244.190.239.103
564,Mar,Klimentov,mklimentovfn@woothemes.com,Non-binary,140.33.190.196
565,Upton,Hanalan,uhanalanfo@guardian.co.uk,Agender,192.242.55.10
566,Cindie,Mankor,cmankorfp@virginia.edu,Female,73.73.122.215
567,Angeli,Piesing,apiesingfq@networkadvertising.org,Bigender,72.198.23.146
568,Darb,Raw,drawfr@unesco.org,Male,91.65.4.40
569,Aylmer,Alcido,aalcidofs@dropbox.com,Genderqueer,214.8.203.102
570,Evangelin,Wedgwood,ewedgwoodft@technorati.com,Polygender,111.219.212.204
571,Timi,Muggeridge,tmuggeridgefu@xrea.com,Male,222.120.46.120
572,Decca,Jepp,djeppfv@google.pl,Genderfluid,99.193.23.158
573,Russ,Colleton,rcolletonfw@cam.ac.uk,Agender,125.57.158.166
574,Alta,Robbs,arobbsfx@live.com,Non-binary,194.171.254.174
575,Mei,Cunniffe,mcunniffefy@51.la,Non-binary,128.181.133.70
576,Bellanca,Custance,bcustancefz@nps.gov,Genderfluid,53.129.61.59
577,Marlon,Buckleigh,mbuckleighg0@scientificamerican.com,Genderqueer,40.244.33.228
578,Baxter,McCulloch,bmccullochg1@indiatimes.com,Genderfluid,182.180.49.175
579,Thedrick,Haresnaip,tharesnaipg2@fc2.com,Non-binary,55.83.206.30
580,Pen,Edens,pedensg3@ask.com,Non-binary,170.123.200.114
581,Sheffield,Lodin,sloding4@nature.com,Male,140.193.162.60
582,Stephine,Hurburt,shurburtg5@wix.com,Genderfluid,149.229.78.55
583,Emmy,Guillon,eguillong6@mozilla.com,Bigender,218.231.15.105
584,Delia,Gatherell,dgatherellg7@nasa.gov,Male,218.161.32.81
585,Alicea,Trenbey,atrenbeyg8@google.nl,Male,232.16.131.113
586,Abrahan,Russen,arusseng9@reverbnation.com,Non-binary,50.231.21.244
587,Hana,Dalgliesh,hdalglieshga@forbes.com,Non-binary,226.113.243.9
588,Mahmoud,Melmeth,mmelmethgb@baidu.com,Genderfluid,150.224.104.113
589,Stephi,Ortmann,sortmanngc@zimbio.com,Bigender,157.245.163.218
590,Nikolai,Armfield,narmfieldgd@soundcloud.com,Genderfluid,161.241.101.67
591,Layton,Clissell,lclissellge@scientificamerican.com,Polygender,109.200.93.138
592,Gabriellia,Longridge,glongridgegf@purevolume.com,Male,102.237.68.251
593,Dale,Blunt,dbluntgg@cocolog-nifty.com,Polygender,145.60.98.180
594,Kearney,Walkingshaw,kwalkingshawgh@barnesandnoble.com,Polygender,44.146.203.69
595,Marne,Durn,mdurngi@umn.edu,Bigender,228.87.246.97
596,Kipp,Fraczak,kfraczakgj@forbes.com,Non-binary,254.216.141.221
597,Danny,MacDermid,dmacdermidgk@spiegel.de,Agender,168.65.226.38
598,Carroll,Rothchild,crothchildgl@about.me,Bigender,60.128.206.1
599,Aristotle,Castri,acastrigm@behance.net,Polygender,134.82.27.149
600,Ferris,Bloore,fblooregn@vistaprint.com,Bigender,121.40.61.18
601,Finlay,Raffan,fraffango@squarespace.com,Bigender,11.36.45.72
602,Cal,Zanneli,czanneligp@dion.ne.jp,Agender,201.95.200.111
603,Thibaut,Rentalll,trentalllgq@addthis.com,Genderqueer,134.106.255.77
604,Annabell,Janew,ajanewgr@ocn.ne.jp,Genderfluid,222.0.135.174
605,Gordy,Durrance,gdurrancegs@blogs.com,Agender,179.55.32.58
606,Orly,Molyneux,omolyneuxgt@narod.ru,Genderqueer,14.14.46.232
607,Catriona,Balfre,cbalfregu@china.com.cn,Polygender,163.134.109.119
608,Lynnette,Plume,lplumegv@behance.net,Male,52.45.234.42
609,Weber,Eggins,wegginsgw@omniture.com,Genderqueer,138.251.144.117
610,Gay,Pancast,gpancastgx@naver.com,Agender,255.145.17.217
611,Bree,Causton,bcaustongy@printfriendly.com,Agender,182.68.35.182
612,Linc,Zuppa,lzuppagz@ask.com,Non-binary,190.142.63.215
613,Alf,Woolway,awoolwayh0@chronoengine.com,Bigender,56.55.234.228
614,Kele,Ealles,keallesh1@princeton.edu,Male,170.88.238.233
615,Bailey,Rucklesse,brucklesseh2@over-blog.com,Bigender,124.221.17.228
616,Jasen,Hearse,jhearseh3@networksolutions.com,Agender,101.130.185.208
617,Jillayne,Dolder,jdolderh4@sciencedaily.com,Polygender,60.5.189.21
618,Alwyn,Wontner,awontnerh5@apache.org,Male,238.89.207.143
619,Meg,Sarvar,msarvarh6@wordpress.com,Genderfluid,160.243.13.78
620,Ashil,Semarke,asemarkeh7@tamu.edu,Genderqueer,19.167.109.162
621,Orion,Fayer,ofayerh8@springer.com,Polygender,159.112.232.154
622,Althea,MacTrustie,amactrustieh9@fastcompany.com,Male,57.188.253.50
623,Haven,Harnell,hharnellha@toplist.cz,Non-binary,50.227.8.109
624,Roxi,Weatherup,rweatheruphb@dmoz.org,Polygender,250.138.49.57
625,Shawn,Bastiman,sbastimanhc@harvard.edu,Bigender,177.143.114.13
626,Ettore,Batty,ebattyhd@ftc.gov,Agender,123.33.90.159
627,Raymond,Schenfisch,rschenfischhe@topsy.com,Non-binary,205.47.182.227
628,Fields,Kitteman,fkittemanhf@un.org,Non-binary,65.221.191.183
629,Mandel,Fernant,mfernanthg@symantec.com,Polygender,139.108.51.73
630,Fairfax,Smallcombe,fsmallcombehh@exblog.jp,Bigender,185.198.75.152
631,Gerek,Haibel,ghaibelhi@bing.com,Non-binary,144.146.150.20
632,Verene,Shakespeare,vshakespearehj@sitemeter.com,Genderqueer,237.138.251.85
633,Klaus,Fee,kfeehk@e-recht24.de,Genderfluid,215.101.116.68
634,Nanni,Konig,nkonighl@macromedia.com,Male,66.175.197.59
635,Eben,Stoile,estoilehm@chronoengine.com,Genderqueer,83.207.68.7
636,Carver,Meindl,cmeindlhn@shareasale.com,Agender,227.145.99.100
637,Belva,Dack,bdackho@twitpic.com,Polygender,214.170.122.211
638,Friederike,Moulsdale,fmoulsdalehp@fc2.com,Agender,167.111.63.248
639,Kendrick,Witherow,kwitherowhq@uiuc.edu,Bigender,203.164.90.143
640,Natividad,Bethune,nbethunehr@wsj.com,Genderqueer,231.187.61.145
641,Mel,Langeley,mlangeleyhs@amazonaws.com,Genderqueer,237.212.153.178
642,Willyt,O'Doherty,wodohertyht@ow.ly,Bigender,252.26.191.94
643,Neville,Jaggers,njaggershu@psu.edu,Polygender,181.7.115.107
644,Juana,Oxton,joxtonhv@cpanel.net,Non-binary,200.185.175.90
645,Laurie,Taaffe,ltaaffehw@slate.com,Female,163.175.16.218
646,Shayla,Shearme,sshearmehx@mapquest.com,Non-binary,172.210.191.16
647,Helenka,Dahill,hdahillhy@hatena.ne.jp,Polygender,20.8.216.79
648,Merle,Ruger,mrugerhz@vkontakte.ru,Male,54.169.53.226
649,Caitlin,Stredder,cstredderi0@abc.net.au,Male,108.2.74.72
650,Alonzo,Esslement,aesslementi1@homestead.com,Non-binary,32.250.253.215
651,Shermie,Hankins,shankinsi2@go.com,Agender,95.161.209.163
652,Gunther,Carbine,gcarbinei3@dion.ne.jp,Non-binary,242.231.0.192
653,Britte,Pauls,bpaulsi4@opensource.org,Female,247.247.130.244
654,Philipa,Lucian,pluciani5@pinterest.com,Agender,248.215.160.90
655,Margit,Tear,mteari6@bravesites.com,Agender,128.7.204.225
656,Marieann,Hazlewood,mhazlewoodi7@jugem.jp,Bigender,191.83.127.129
657,Reggy,Finney,rfinneyi8@discuz.net,Male,19.172.222.96
658,Teador,De Gregoli,tdegregolii9@edublogs.org,Bigender,250.91.192.90
659,Zonda,McKellar,zmckellaria@theguardian.com,Agender,111.143.56.209
660,Vanni,Tait,vtaitib@google.ca,Genderfluid,30.205.73.191
661,Gert,Bourne,gbourneic@archive.org,Genderfluid,187.157.101.247
662,Jan,Minerdo,jminerdoid@qq.com,Agender,61.193.0.116
663,Felicle,Amyes,famyesie@elpais.com,Female,175.234.203.222
664,Delmore,Lantiffe,dlantiffeif@uol.com.br,Female,6.209.232.185
665,Jackquelin,Brusby,jbrusbyig@cam.ac.uk,Non-binary,20.39.239.43
666,Cortie,Gainseford,cgainsefordih@tiny.cc,Bigender,199.238.173.119
667,Danyette,Service,dserviceii@vimeo.com,Bigender,87.79.226.216
668,Cecelia,Josilevich,cjosilevichij@prlog.org,Agender,221.157.6.102
669,Oliy,Caughan,ocaughanik@disqus.com,Non-binary,213.220.58.68
670,Marris,Spilling,mspillingil@shinystat.com,Genderfluid,203.103.160.216
671,Aldo,Fairn,afairnim@toplist.cz,Male,119.196.12.242
672,Glenda,Lapenna,glapennain@comsenz.com,Bigender,235.223.204.45
673,Anatola,Napper,anapperio@acquirethisname.com,Agender,173.50.236.251
674,Wilfrid,Tolussi,wtolussiip@rediff.com,Bigender,97.28.64.222
675,Leshia,Noad,lnoadiq@un.org,Male,247.82.108.123
676,Onida,Cuolahan,ocuolahanir@intel.com,Genderfluid,107.59.167.71
677,Essa,Alesio,ealesiois@sourceforge.net,Polygender,166.207.70.200
678,Alexi,Ison,aisonit@whitehouse.gov,Bigender,68.109.177.159
679,Karna,Fateley,kfateleyiu@nature.com,Male,215.246.163.92
680,Gerry,Yeatman,gyeatmaniv@chron.com,Genderfluid,66.34.121.110
681,Alberta,Brookfield,abrookfieldiw@dagondesign.com,Bigender,203.158.196.230
682,Gray,Eveling,gevelingix@yahoo.com,Agender,48.6.183.62
683,Darwin,Tabourel,dtaboureliy@cbsnews.com,Bigender,226.183.223.172
684,Pammie,Killelea,pkilleleaiz@google.pl,Polygender,45.18.62.34
685,Linnet,Dillicate,ldillicatej0@java.com,Bigender,251.169.7.128
686,Shela,Zute,szutej1@gizmodo.com,Male,174.46.146.87
687,Homere,Snipe,hsnipej2@freewebs.com,Female,135.196.96.39
688,Davis,Coye,dcoyej3@wufoo.com,Genderqueer,1.194.220.129
689,Querida,Kaspar,qkasparj4@last.fm,Genderqueer,15.208.134.162
690,Emerson,Mixter,emixterj5@spiegel.de,Female,180.239.166.144
691,Emmie,Abelovitz,eabelovitzj6@latimes.com,Genderfluid,12.147.95.115
692,Ebony,Harbor,eharborj7@pagesperso-orange.fr,Polygender,86.40.117.164
693,Melvin,Bearward,mbearwardj8@huffingtonpost.com,Genderfluid,150.249.173.151
694,Slade,Hardan,shardanj9@google.es,Agender,37.91.247.127
695,Marilin,Allbones,mallbonesja@who.int,Bigender,123.172.188.2
696,Diahann,Madill,dmadilljb@imageshack.us,Polygender,90.175.62.176
697,Stephine,Pere,sperejc@yahoo.com,Female,166.253.126.2
698,Emeline,Skingley,eskingleyjd@reference.com,Non-binary,67.207.73.224
699,Urbano,Vince,uvinceje@wordpress.com,Polygender,53.235.107.53
700,Wallis,Schaumaker,wschaumakerjf@barnesandnoble.com,Female,254.27.79.239
701,Dougie,Gohn,dgohnjg@boston.com,Male,196.92.87.67
702,Moise,Fawdrey,mfawdreyjh@opensource.org,Genderqueer,186.244.145.232
703,Jule,Flory,jfloryji@prweb.com,Agender,245.18.119.114
704,Corina,Gimbart,cgimbartjj@digg.com,Bigender,113.58.29.89
705,Hercules,Harg,hhargjk@latimes.com,Bigender,4.169.48.70
706,Abeu,Learoyd,alearoydjl@umich.edu,Polygender,115.182.66.66
707,Bram,MacTrusty,bmactrustyjm@is.gd,Male,148.74.209.74
708,Gery,Mockford,gmockfordjn@blogger.com,Genderfluid,192.132.215.62
709,Dani,Ogelbe,dogelbejo@cafepress.com,Genderfluid,131.123.162.98
710,Colan,Brace,cbracejp@statcounter.com,Genderfluid,79.79.170.134
711,Jodi,Keymer,jkeymerjq@tinyurl.com,Non-binary,79.164.86.201
712,Deeanne,Feeley,dfeeleyjr@istockphoto.com,Genderqueer,69.209.169.116
713,Barbee,Semiraz,bsemirazjs@about.me,Genderqueer,75.224.81.12
714,Regan,Youell,ryouelljt@addtoany.com,Male,178.152.211.196
715,Leola,Stuchbury,lstuchburyju@flavors.me,Female,69.199.55.7
716,Rebeca,Cantle,rcantlejv@dagondesign.com,Polygender,133.86.108.141
717,Kacie,Riddiford,kriddifordjw@nih.gov,Non-binary,23.17.204.72
718,Sheilakathryn,Venditti,svendittijx@ifeng.com,Genderqueer,36.5.95.46
719,Brenn,Sinkins,bsinkinsjy@google.nl,Bigender,97.62.138.175
720,Dewey,Ainsby,dainsbyjz@wp.com,Bigender,137.97.86.79
721,Clifford,Keasley,ckeasleyk0@jimdo.com,Genderqueer,186.128.148.166
722,Saw,Matej,smatejk1@ihg.com,Agender,66.82.7.240
723,Rupert,Johanchon,rjohanchonk2@umich.edu,Female,78.170.113.31
724,Onofredo,Lepard,olepardk3@japanpost.jp,Non-binary,99.86.194.136
725,Tobie,Gable,tgablek4@engadget.com,Female,215.244.175.216
726,Cecil,Rowthorne,crowthornek5@mapquest.com,Genderqueer,139.49.118.79
727,Wendeline,Bernini,wberninik6@zdnet.com,Bigender,13.126.51.21
728,Saundra,Kenny,skennyk7@addthis.com,Genderqueer,237.112.146.28
729,Dulci,Starkie,dstarkiek8@sitemeter.com,Agender,106.127.44.75
730,Elsworth,Sakins,esakinsk9@ask.com,Male,95.161.167.145
731,Berta,Cattell,bcattellka@vkontakte.ru,Non-binary,186.122.12.203
732,Claybourne,Boord,cboordkb@chronoengine.com,Agender,81.66.182.106
733,Claretta,Chatin,cchatinkc@surveymonkey.com,Male,11.211.164.170
734,Delilah,Booth-Jarvis,dboothjarviskd@ow.ly,Agender,19.190.187.235
735,Ogden,Lanning,olanningke@prweb.com,Polygender,199.36.239.4
736,Enrico,Busby,ebusbykf@uol.com.br,Agender,160.73.95.226
737,Donica,Atack,datackkg@sphinn.com,Bigender,119.91.29.104
738,Lina,Matthius,lmatthiuskh@auda.org.au,Agender,189.148.78.98
739,Sydney,Kesby,skesbyki@ustream.tv,Bigender,121.236.229.129
740,Loella,Eagleton,leagletonkj@ftc.gov,Genderfluid,239.231.95.213
741,Silvester,Le Marchand,slemarchandkk@4shared.com,Male,9.75.126.191
742,Carney,Spellessy,cspellessykl@e-recht24.de,Male,96.56.83.145
743,Waylin,Hardan,whardankm@lycos.com,Polygender,246.84.86.36
744,Dredi,Widdop,dwiddopkn@rakuten.co.jp,Genderfluid,194.138.16.15
745,Linell,Cargenven,lcargenvenko@gnu.org,Non-binary,111.127.55.110
746,Arlana,Youthed,ayouthedkp@photobucket.com,Polygender,156.192.129.81
747,Carmina,Brocklehurst,cbrocklehurstkq@purevolume.com,Male,203.236.255.129
748,Peder,Dommerque,pdommerquekr@ftc.gov,Genderfluid,158.11.44.90
749,Kev,Smyley,ksmyleyks@4shared.com,Genderqueer,18.101.136.235
750,Wrennie,Deport,wdeportkt@feedburner.com,Genderqueer,70.106.238.24
751,Doreen,Borgesio,dborgesioku@php.net,Female,9.135.24.179
752,Shanta,Ennever,senneverkv@hibu.com,Non-binary,114.60.137.89
753,Lanette,Grolle,lgrollekw@tinypic.com,Genderqueer,10.120.117.75
754,Simone,MacCarlich,smaccarlichkx@un.org,Female,72.55.99.169
755,Darius,Corballis,dcorballisky@sciencedaily.com,Polygender,115.112.0.120
756,Jilleen,Bowhey,jbowheykz@tumblr.com,Male,196.93.39.1
757,Brian,Moodycliffe,bmoodycliffel0@myspace.com,Polygender,47.174.128.64
758,Stephani,Bedbury,sbedburyl1@reuters.com,Agender,114.110.8.237
759,Pyotr,Robatham,probathaml2@washingtonpost.com,Female,253.84.94.220
760,Hernando,Shankster,hshanksterl3@google.fr,Female,160.28.72.66
761,Austina,Prazer,aprazerl4@timesonline.co.uk,Female,81.34.38.158
762,Wake,O'Dunniom,wodunnioml5@booking.com,Non-binary,148.154.67.82
763,Jean,Humbie,jhumbiel6@yellowbook.com,Bigender,11.27.86.30
764,Any,Jeacocke,ajeacockel7@ox.ac.uk,Genderfluid,4.34.57.190
765,Michel,Farran,mfarranl8@tiny.cc,Female,58.118.35.100
766,Tremayne,Mccaull,tmccaulll9@t-online.de,Agender,207.185.160.26
767,Rebekah,Lodevick,rlodevickla@cbsnews.com,Genderfluid,59.89.67.4
768,Lenna,Ioan,lioanlb@constantcontact.com,Agender,114.135.148.162
769,Georgia,Rimour,grimourlc@telegraph.co.uk,Female,153.65.115.203
770,Cullen,Wadmore,cwadmoreld@aboutads.info,Male,12.205.111.147
771,Chelsey,Stawell,cstawellle@ask.com,Genderqueer,13.160.55.71
772,Blancha,Murrigan,bmurriganlf@amazon.de,Male,43.241.12.230
773,Fancy,Nesbeth,fnesbethlg@pcworld.com,Bigender,174.76.228.103
774,Ody,Trillo,otrillolh@wikipedia.org,Non-binary,76.191.49.107
775,Spense,Goldsbrough,sgoldsbroughli@desdev.cn,Genderfluid,165.5.188.108
776,Shannen,Algy,salgylj@vimeo.com,Genderqueer,136.159.103.7
777,Gretta,Punt,gpuntlk@omniture.com,Bigender,163.228.173.27
778,Mirabella,Hoofe,mhoofell@usa.gov,Genderqueer,119.216.7.8
779,Ahmed,Treverton,atrevertonlm@chicagotribune.com,Female,116.97.123.198
780,Pearline,Iamittii,piamittiiln@deviantart.com,Female,110.17.237.199
781,Liane,McChesney,lmcchesneylo@dailymail.co.uk,Genderqueer,210.97.176.125
782,Mella,Hackey,mhackeylp@tmall.com,Male,144.41.38.90
783,Sam,McCandless,smccandlesslq@cnet.com,Female,62.179.224.72
784,Huberto,Bosche,hboschelr@nasa.gov,Female,184.201.117.91
785,Finley,Bugg,fbuggls@google.pl,Bigender,207.216.237.130
786,Shalna,Starkie,sstarkielt@gov.uk,Male,89.29.155.253
787,Luelle,Duckerin,lduckerinlu@harvard.edu,Male,195.95.226.98
788,Ximenez,Newens,xnewenslv@de.vu,Genderqueer,99.186.92.215
789,Maud,Beels,mbeelslw@eventbrite.com,Genderqueer,83.252.182.214
790,Devin,Kyneton,dkynetonlx@shutterfly.com,Non-binary,15.190.174.254
791,Vittoria,Mandell,vmandellly@photobucket.com,Genderqueer,28.85.227.24
792,Mallory,McIlvoray,mmcilvoraylz@vimeo.com,Female,85.155.49.118
793,Mira,Shead,msheadm0@google.com.br,Agender,209.126.128.178
794,Nert,Banner,nbannerm1@gov.uk,Non-binary,8.1.243.238
795,Waylon,Gobell,wgobellm2@imgur.com,Non-binary,228.216.190.136
796,Danila,Henric,dhenricm3@technorati.com,Female,107.207.212.145
797,Harwell,McKendry,hmckendrym4@quantcast.com,Non-binary,169.167.150.73
798,Marijo,McGeraghty,mmcgeraghtym5@cargocollective.com,Genderfluid,1.13.70.222
799,Judah,Ricciardo,jricciardom6@columbia.edu,Female,45.5.178.168
800,Karyl,Klauer,kklauerm7@cbslocal.com,Polygender,134.142.126.44
801,Codi,Leibold,cleiboldm8@mit.edu,Male,136.45.237.216
802,Garrett,Bum,gbumm9@usda.gov,Non-binary,149.237.28.210
803,Nanete,Janks,njanksma@yahoo.com,Bigender,244.49.241.35
804,Manolo,Bromilow,mbromilowmb@bigcartel.com,Genderfluid,132.1.156.116
805,Ambrosius,Dallander,adallandermc@yellowpages.com,Genderqueer,69.170.191.1
806,Valera,Jagielski,vjagielskimd@psu.edu,Non-binary,224.249.65.20
807,Aura,Kenwood,akenwoodme@tripadvisor.com,Genderfluid,243.239.219.36
808,Jo-anne,Wrate,jwratemf@friendfeed.com,Bigender,180.254.22.81
809,Loydie,MacAskie,lmacaskiemg@alexa.com,Female,12.223.21.73
810,Orazio,Willgoose,owillgoosemh@wiley.com,Bigender,97.211.165.38
811,Margi,Dunbobin,mdunbobinmi@hibu.com,Non-binary,99.238.12.204
812,Rahel,Vigar,rvigarmj@mac.com,Polygender,55.77.122.73
813,Bernard,Norwood,bnorwoodmk@washingtonpost.com,Agender,93.71.122.245
814,Kiri,Chavey,kchaveyml@clickbank.net,Agender,62.88.101.179
815,Romola,Pledger,rpledgermm@domainmarket.com,Male,214.19.243.241
816,Juliane,Sappson,jsappsonmn@cmu.edu,Male,223.45.113.60
817,Renaldo,Behling,rbehlingmo@mtv.com,Agender,86.183.69.65
818,Candide,Gelling,cgellingmp@cpanel.net,Polygender,120.159.164.172
819,Bryan,Hilary,bhilarymq@examiner.com,Genderfluid,69.203.109.99
820,Annadiana,Bernakiewicz,abernakiewiczmr@dion.ne.jp,Bigender,121.99.99.85
821,Laraine,MacAindreis,lmacaindreisms@elpais.com,Polygender,251.116.247.168
822,Sayres,Edgley,sedgleymt@technorati.com,Polygender,26.72.29.8
823,Lewiss,Covey,lcoveymu@unicef.org,Male,222.27.43.225
824,Chryste,Helgass,chelgassmv@storify.com,Female,241.208.15.197
825,Emery,Torra,etorramw@wisc.edu,Genderqueer,147.121.161.25
826,Orazio,Skypp,oskyppmx@mapquest.com,Female,46.79.92.78
827,Bogey,Josovitz,bjosovitzmy@google.it,Polygender,127.225.51.228
828,Moise,Garken,mgarkenmz@addtoany.com,Polygender,133.104.239.254
829,Chiarra,Beeswing,cbeeswingn0@webnode.com,Male,18.62.199.127
830,Bale,Easthope,beasthopen1@quantcast.com,Polygender,38.220.170.32
831,Caryl,Craze,ccrazen2@dailymail.co.uk,Female,111.41.202.227
832,Deena,Eliasen,deliasenn3@wired.com,Female,168.232.154.232
833,Juliette,Selwood,jselwoodn4@wordpress.org,Bigender,78.69.100.169
834,Karry,Hemmingway,khemmingwayn5@buzzfeed.com,Female,137.41.74.86
835,Nicola,Broke,nbroken6@earthlink.net,Bigender,121.130.85.106
836,Rosella,Brockway,rbrockwayn7@wikia.com,Genderqueer,246.41.160.146
837,Darcy,Pringley,dpringleyn8@vk.com,Female,110.201.221.105
838,Blake,Fillingham,bfillinghamn9@ocn.ne.jp,Polygender,153.168.159.194
839,Mikaela,Meak,mmeakna@cmu.edu,Polygender,106.30.233.157
840,Geoffry,Ratie,gratienb@over-blog.com,Genderfluid,22.184.10.240
841,Jennette,Hawkes,jhawkesnc@yolasite.com,Male,5.164.24.116
842,Magdaia,Galbreth,mgalbrethnd@1688.com,Non-binary,47.68.58.239
843,Jillane,Brugemann,jbrugemannne@csmonitor.com,Non-binary,38.18.167.244
844,Traver,Weatherhead,tweatherheadnf@scientificamerican.com,Polygender,68.173.151.171
845,Emmott,Mayoh,emayohng@miitbeian.gov.cn,Polygender,32.107.61.146
846,Matilda,Fay,mfaynh@ibm.com,Genderqueer,81.148.43.19
847,Rosette,Lammenga,rlammengani@feedburner.com,Polygender,166.174.72.197
848,Isabeau,O'Hanley,iohanleynj@phoca.cz,Polygender,184.53.94.145
849,Elyssa,Sallowaye,esallowayenk@reddit.com,Genderqueer,89.185.100.1
850,Nara,Clere,nclerenl@prnewswire.com,Bigender,19.177.98.110
851,Maisie,Dove,mdovenm@edublogs.org,Male,204.219.103.233
852,Ingemar,Goldsby,igoldsbynn@europa.eu,Genderfluid,74.222.35.204
853,Wendell,Pinnington,wpinningtonno@omniture.com,Genderqueer,76.55.107.114
854,Sadye,Rydzynski,srydzynskinp@biblegateway.com,Non-binary,245.176.229.82
855,Ina,MacCleod,imaccleodnq@surveymonkey.com,Genderqueer,188.247.82.59
856,Teodoro,Wing,twingnr@cocolog-nifty.com,Male,90.219.181.246
857,Derron,Tomas,dtomasns@hao123.com,Genderqueer,182.5.25.28
858,Arv,Grosvener,agrosvenernt@cisco.com,Male,168.153.244.69
859,Caitrin,Harse,charsenu@businessinsider.com,Genderfluid,21.248.67.167
860,Dorthy,Shard,dshardnv@vimeo.com,Polygender,49.177.49.214
861,Marja,Sivell,msivellnw@kickstarter.com,Agender,28.238.18.29
862,Hartwell,Cazereau,hcazereaunx@amazon.de,Polygender,157.193.68.35
863,Hetti,Richly,hrichlyny@linkedin.com,Polygender,173.224.252.115
864,Georgia,Prattin,gprattinnz@senate.gov,Genderfluid,160.120.239.25
865,Adelina,Widd,awiddo0@icq.com,Non-binary,203.125.137.118
866,Udall,Causton,ucaustono1@sakura.ne.jp,Non-binary,14.7.26.119
867,Farlay,Ferrige,fferrigeo2@jugem.jp,Agender,11.5.109.15
868,Derrick,Christophe,dchristopheo3@slashdot.org,Agender,84.98.62.12
869,Clem,Warke,cwarkeo4@gizmodo.com,Polygender,205.166.115.143
870,Weston,Brims,wbrimso5@prweb.com,Bigender,102.20.170.87
871,Lannie,Pantlin,lpantlino6@wordpress.org,Female,38.190.206.107
872,Addi,Shoebotham,ashoebothamo7@virginia.edu,Polygender,169.181.79.19
873,Berny,Hyde,bhydeo8@wikispaces.com,Non-binary,44.137.33.227
874,Fidelio,Welbeck,fwelbecko9@cdc.gov,Polygender,49.28.80.60
875,Beau,Thomassin,bthomassinoa@vkontakte.ru,Non-binary,204.250.123.195
876,Dorene,Carette,dcaretteob@surveymonkey.com,Male,102.71.48.233
877,Silvan,Lamborne,slamborneoc@51.la,Polygender,9.74.101.160
878,Jorey,Sisse,jsisseod@usa.gov,Female,46.15.237.121
879,Belia,Shakeshaft,bshakeshaftoe@comcast.net,Polygender,13.48.97.52
880,Emalee,Meindl,emeindlof@reuters.com,Bigender,211.244.110.237
881,Garwin,Roark,groarkog@shutterfly.com,Genderqueer,22.222.129.35
882,Simmonds,Baptist,sbaptistoh@ihg.com,Female,175.103.203.66
883,Gladys,Dainter,gdainteroi@google.es,Agender,13.91.68.91
884,Nina,Leadbitter,nleadbitteroj@google.co.uk,Polygender,225.217.232.185
885,Chariot,Fraine,cfraineok@about.com,Genderfluid,92.240.198.153
886,Ardra,Oughton,aoughtonol@hexun.com,Genderfluid,208.233.39.159
887,Monah,Dealtry,mdealtryom@smugmug.com,Male,101.155.204.129
888,Rowen,Glassborow,rglassborowon@livejournal.com,Genderfluid,46.22.33.113
889,Agretha,Pinchbeck,apinchbeckoo@pcworld.com,Non-binary,253.31.5.30
890,Joann,Galpin,jgalpinop@hibu.com,Bigender,115.254.191.198
891,Jimmy,Braybrook,jbraybrookoq@pagesperso-orange.fr,Agender,207.246.115.183
892,Nonna,Ruppel,nruppelor@merriam-webster.com,Genderfluid,241.125.176.94
893,Ardyce,Barajas,abarajasos@t-online.de,Non-binary,72.27.124.163
894,Tamarah,Puve,tpuveot@e-recht24.de,Male,250.27.255.137
895,Batsheva,Minichillo,bminichilloou@posterous.com,Female,151.56.8.91
896,Dawna,Fluck,dfluckov@wufoo.com,Bigender,244.238.49.119
897,Larina,Janzen,ljanzenow@yahoo.co.jp,Polygender,66.195.166.103
898,Edlin,Bachellier,ebachellierox@4shared.com,Non-binary,208.109.17.135
899,Ianthe,Blaver,iblaveroy@bigcartel.com,Bigender,96.241.162.28
900,Latashia,Mertin,lmertinoz@imdb.com,Polygender,55.82.79.88
901,Sisely,Macellar,smacellarp0@vistaprint.com,Female,88.136.46.146
902,Cornelle,Lethibridge,clethibridgep1@symantec.com,Polygender,202.112.104.175
903,Anabel,Dri,adrip2@independent.co.uk,Genderqueer,41.165.0.69
904,Di,Dubs,ddubsp3@nydailynews.com,Polygender,46.104.112.106
905,Hobey,Riseborough,hriseboroughp4@google.pl,Genderfluid,172.84.224.13
906,Robby,Piggford,rpiggfordp5@loc.gov,Agender,41.247.173.200
907,Faythe,Traviss,ftravissp6@twitter.com,Genderfluid,4.99.175.163
908,Hurleigh,Mulford,hmulfordp7@newsvine.com,Genderfluid,216.3.172.250
909,Raymund,Minichi,rminichip8@cisco.com,Polygender,187.177.40.74
910,Gabriello,McCullock,gmccullockp9@bloglovin.com,Non-binary,210.183.59.111
911,Clark,Pennone,cpennonepa@businesswire.com,Male,5.185.239.85
912,Devinne,Shwenn,dshwennpb@dell.com,Bigender,89.112.209.192
913,Trudie,Snozzwell,tsnozzwellpc@reference.com,Agender,140.159.108.209
914,Rubin,Brayson,rbraysonpd@exblog.jp,Agender,163.69.104.43
915,Hadria,Danihelka,hdanihelkape@soundcloud.com,Polygender,3.4.125.45
916,Verna,Kenton,vkentonpf@sakura.ne.jp,Bigender,66.228.61.140
917,Phillie,Angus,panguspg@yellowbook.com,Agender,145.50.193.129
918,Ave,Ruppelin,aruppelinph@craigslist.org,Female,192.205.19.138
919,Haskel,Thurner,hthurnerpi@gmpg.org,Bigender,20.141.195.22
920,Denice,Farland,dfarlandpj@freewebs.com,Bigender,148.58.144.18
921,Jennifer,Clara,jclarapk@springer.com,Male,94.149.105.101
922,Vin,Ashwood,vashwoodpl@engadget.com,Male,156.105.2.244
923,Joaquin,O'Devey,jodeveypm@instagram.com,Genderfluid,193.151.121.39
924,Pavel,Pawfoot,ppawfootpn@digg.com,Bigender,0.222.104.56
925,Rubetta,Allinson,rallinsonpo@wordpress.com,Genderqueer,221.245.149.104
926,Lannie,Yashunin,lyashuninpp@shinystat.com,Agender,2.110.113.236
927,Alejandrina,Gowrich,agowrichpq@cmu.edu,Genderqueer,153.159.64.205
928,Mord,Kidder,mkidderpr@usa.gov,Agender,91.174.130.203
929,Emmott,Kittman,ekittmanps@google.com.au,Bigender,192.74.246.131
930,Jill,Dunmore,jdunmorept@mit.edu,Polygender,46.116.166.161
931,Jarret,Moubray,jmoubraypu@stumbleupon.com,Bigender,89.73.227.181
932,Scarlet,Kynett,skynettpv@hhs.gov,Agender,231.34.223.223
933,Drusie,Pomfrey,dpomfreypw@google.co.uk,Genderfluid,15.246.152.11
934,Chickie,Enoksson,cenokssonpx@samsung.com,Bigender,207.114.32.38
935,Dana,Dashper,ddashperpy@usda.gov,Polygender,119.93.122.165
936,Hadria,Brede,hbredepz@ebay.com,Polygender,220.232.61.189
937,Jeffie,Ilieve,jilieveq0@timesonline.co.uk,Female,180.188.238.147
938,Kristo,Patching,kpatchingq1@va.gov,Non-binary,25.171.209.49
939,Hayley,Tidmarsh,htidmarshq2@cargocollective.com,Genderqueer,184.39.204.72
940,Laina,Bosse,lbosseq3@discovery.com,Polygender,11.214.42.53
941,Tiff,Limpricht,tlimprichtq4@xinhuanet.com,Polygender,175.72.117.47
942,Courtney,Simons,csimonsq5@chronoengine.com,Genderqueer,137.71.204.76
943,Charlotte,Barnaby,cbarnabyq6@adobe.com,Non-binary,101.143.124.159
944,Leonora,Garrison,lgarrisonq7@skyrock.com,Genderfluid,96.30.234.28
945,Sib,Scarce,sscarceq8@nsw.gov.au,Male,67.55.78.0
946,Rosana,Eginton,regintonq9@biblegateway.com,Agender,53.89.42.198
947,Ricca,Bazoche,rbazocheqa@alexa.com,Female,34.224.92.199
948,Taylor,Ferriday,tferridayqb@desdev.cn,Non-binary,110.226.4.116
949,Georgeanna,McHardy,gmchardyqc@histats.com,Polygender,152.13.214.152
950,Darn,McCrachen,dmccrachenqd@umich.edu,Polygender,144.210.33.137
951,Chandal,Wyleman,cwylemanqe@timesonline.co.uk,Genderfluid,24.106.0.104
952,Marjy,Woolfitt,mwoolfittqf@gov.uk,Genderqueer,0.11.23.8
953,Decca,Robben,drobbenqg@yelp.com,Bigender,19.87.77.157
954,El,Brewers,ebrewersqh@hatena.ne.jp,Polygender,61.184.168.215
955,Michel,McSorley,mmcsorleyqi@mit.edu,Non-binary,131.210.178.190
956,Adrianna,McLleese,amclleeseqj@unblog.fr,Bigender,119.133.141.215
957,Ilka,Nettles,inettlesqk@ustream.tv,Non-binary,217.222.38.215
958,Gisele,Westbury,gwestburyql@biblegateway.com,Genderqueer,50.230.132.62
959,Ophelie,Lemmertz,olemmertzqm@tmall.com,Agender,96.50.190.232
960,Collie,Pavett,cpavettqn@fotki.com,Genderqueer,68.147.182.90
961,Ede,Bootell,ebootellqo@about.com,Female,138.57.92.107
962,Harri,Campione,hcampioneqp@bbb.org,Female,152.251.31.244
963,Amitie,Jacomb,ajacombqq@blogger.com,Genderqueer,141.242.29.192
964,Fifine,Lamberti,flambertiqr@un.org,Polygender,204.170.218.79
965,Rosaleen,Broughton,rbroughtonqs@vkontakte.ru,Genderqueer,19.75.246.255
966,Margy,Clendennen,mclendennenqt@columbia.edu,Bigender,31.165.204.64
967,Rodrique,Biggar,rbiggarqu@springer.com,Bigender,224.245.38.111
968,Lynette,Gullick,lgullickqv@boston.com,Agender,107.183.72.200
969,Willem,Beeho,wbeehoqw@walmart.com,Non-binary,31.242.255.4
970,Moss,Bettley,mbettleyqx@nps.gov,Genderfluid,154.135.231.23
971,Tam,Muldoon,tmuldoonqy@bluehost.com,Non-binary,245.179.247.186
972,Melicent,Spirit,mspiritqz@adobe.com,Female,95.125.130.27
973,Ashley,Lacy,alacyr0@elpais.com,Agender,72.101.188.103
974,Bellanca,Furley,bfurleyr1@google.de,Male,238.196.143.68
975,Godwin,Napper,gnapperr2@facebook.com,Agender,147.111.208.166
976,Merrill,McClosh,mmccloshr3@freewebs.com,Bigender,83.148.124.99
977,Keefe,Jura,kjurar4@blinklist.com,Non-binary,208.152.120.159
978,Mada,Foye,mfoyer5@marketwatch.com,Bigender,102.22.228.210
979,Caleb,Falkus,cfalkusr6@wix.com,Genderfluid,161.188.203.59
980,Franky,Farny,ffarnyr7@unesco.org,Genderfluid,163.220.146.57
981,Donnell,Drain,ddrainr8@edublogs.org,Genderqueer,152.43.103.145
982,Eleonora,Carlon,ecarlonr9@scribd.com,Male,55.232.89.208
983,Budd,Crips,bcripsra@china.com.cn,Agender,119.164.46.164
984,Josefa,Syce,jsycerb@merriam-webster.com,Male,91.67.198.195
985,Gaynor,Riches,grichesrc@hc360.com,Polygender,37.36.246.48
986,Linnet,Rutigliano,lrutiglianord@soup.io,Bigender,228.24.41.96
987,Nikolai,Saxton,nsaxtonre@wix.com,Polygender,128.126.149.94
988,Cordell,Voak,cvoakrf@google.es,Polygender,29.38.1.181
989,Ogdan,Iacivelli,oiacivellirg@nba.com,Polygender,37.127.101.77
990,Elset,Scardifield,escardifieldrh@woothemes.com,Bigender,214.141.183.182
991,Karlene,Windress,kwindressri@behance.net,Genderqueer,157.89.133.55
992,Bevon,Speek,bspeekrj@artisteer.com,Male,95.95.52.107
993,Calypso,Needham,cneedhamrk@typepad.com,Bigender,45.213.123.146
994,Lyndy,Stanney,lstanneyrl@ed.gov,Agender,211.66.73.13
995,Orelie,Peirce,opeircerm@npr.org,Genderfluid,28.198.237.15
996,Libbi,Klass,lklassrn@facebook.com,Genderqueer,242.190.146.164
997,Gaston,Iozefovich,giozefovichro@mozilla.org,Non-binary,28.227.156.51
998,Reba,Minton,rmintonrp@google.es,Agender,228.23.40.133
999,Ware,Dibnah,wdibnahrq@mapy.cz,Male,146.95.25.187
1000,Sarena,Labon,slabonrr@va.gov,Male,187.22.126.20
